"[Account_Value]","[Account_Name]","[Account_Description]","[Account_Type]","[Account_Sign]","[Account_Document]","[Account_Summary]","[Default_Account]","[Account_Parent]"
1,"Contas de meios circulantes financeiros","Contas de meios circulantes financeiros","Asset","Natural","Yes","Yes",,
11,"Caixa","Caixa","Asset","Natural","Yes","Yes",,1
12,"Bancos","Bancos","Asset","Natural","Yes","Yes",,1
121,"Depósitos a ordem","Depósitos a ordem","Asset","Natural","Yes","No",,12
122,"Depósitos com pré-aviso","Depósitos com pré-aviso","Asset","Natural","Yes","No",,12
123,"Depósitos a prazo","Depósitos a prazo","Asset","Natural","Yes","No",,12
13,"Clientes","Clientes","Asset","Natural","Yes","Yes",,1
131,"Clientes c/c","Clientes c/c","Asset","Natural","Yes","No",,13
132,"Clientes – Títulos a receber","Clientes – Títulos a receber","Asset","Natural","Yes","No",,13
138,"Clientes de cobrança duvidosa","Clientes de cobrança duvidosa","Asset","Natural","Yes","No",,13
139,"Adiantamentos de clientes","Adiantamentos de clientes","Asset","Natural","Yes","No",,13
14,"Devedor - Estado","Devedor - Estado","Asset","Natural","Yes","Yes",,1
141,"Imposto sobre o rendimento","Imposto sobre o rendimento","Asset","Natural","Yes","No",,14
1411,"Retenções na fonte","Retenções na fonte","Asset","Natural","Yes","No",,141
14111,"Segunda categoria","Segunda categoria","Asset","Natural","Yes","No",,1411
14112,"Terceira categoria","Terceira categoria","Asset","Natural","Yes","No",,1411
14113,"Quarta categoria","Quarta categoria","Asset","Natural","Yes","No",,1411
14114,"Quinta categoria","Quinta categoria","Asset","Natural","Yes","No",,1411
1412,"Pagamentos por conta e especial por conta","Pagamentos por conta e especial por conta","Asset","Natural","Yes","No",,141
14121,"Pagamento por conta","Pagamento por conta","Asset","Natural","Yes","No",,1412
14122,"Pagamento especial por conta","Pagamento especial por conta","Asset","Natural","Yes","No",,1412
1413,"A recuperar","A recuperar","Asset","Natural","Yes","No",,141
1414,"Reembolsos pedidos","Reembolsos pedidos","Asset","Natural","Yes","No",,141
143,"IVA suportado","IVA suportado","Asset","Natural","Yes","No",,14
1431,"Meios circulantes materiais","Meios circulantes materiais","Asset","Natural","Yes","No",,143
1432,"Meios imobilizados","Meios imobilizados","Asset","Natural","Yes","No",,143
1433,"Outros bens e serviços","Outros bens e serviços","Asset","Natural","Yes","No",,143
144,"IVA dedutível","IVA dedutível","Asset","Natural","Yes","No",,14
1441,"Meios circulantes materiais","Meios circulantes materiais","Asset","Natural","Yes","No",,144
1442,"Meios imobilizados","Meios imobilizados","Asset","Natural","Yes","No",,144
1443,"Outros bens e serviços","Outros bens e serviços","Asset","Natural","Yes","No",,144
145,"IVA regularizações","IVA regularizações","Asset","Natural","Yes","No",,14
1451,"Mensais a favor do sujeito passivo","Mensais a favor do sujeito passivo","Asset","Natural","Yes","No",,145
1452,"Anuais por cálculo do pro rata definitivo","Anuais por cálculo do pro rata definitivo","Asset","Natural","Yes","No",,145
146,"IVA a recuperar","IVA a recuperar","Asset","Natural","Yes","No",,14
147,"IVA reembolsos pedidos","IVA reembolsos pedidos","Asset","Natural","Yes","No",,14
149,"Rectificações de impostos, contribuições e outros tributos","Rectificações de impostos, contribuições e outros tributos","Asset","Natural","Yes","No",,14
15,"Devedores - sócios, accionistas ou proprietários","Devedores - sócios, accionistas ou proprietários","Asset","Natural","Yes","Yes",,1
151,"Empréstimos concedidos","Empréstimos concedidos","Asset","Natural","Yes","No",,15
152,"Adiantamento por conta de lucros","Adiantamento por conta de lucros","Asset","Natural","Yes","No",,15
153,"Resultados atribuídos","Resultados atribuídos","Asset","Natural","Yes","No",,15
154,"Lucros disponíveis","Lucros disponíveis","Asset","Natural","Yes","No",,15
159,"Outras operações","Outras operações","Asset","Natural","Yes","No",,15
16,"Outros devedores","Outros devedores","Asset","Natural","Yes","Yes",,1
161,"Pessoal","Pessoal","Asset","Natural","Yes","No",,16
1611,"Adiantamentos aos orgãos sociais","Adiantamentos aos orgãos sociais","Asset","Natural","Yes","No",,161
1612,"Adiantamentos aos trabalhadores","Adiantamentos aos trabalhadores","Asset","Natural","Yes","No",,161
1618,"Outras operações com orgãos sociais","Outras operações com orgãos sociais","Asset","Natural","Yes","No",,161
1619,"Outras operações com trabalhadores","Outras operações com trabalhadores","Asset","Natural","Yes","No",,161
162,"Subscritores de capital","Subscritores de capital","Asset","Natural","Yes","No",,16
1621,"Entidades públicas","Entidades públicas","Asset","Natural","Yes","No",,162
1622,"Entidades privadas","Entidades privadas","Asset","Natural","Yes","No",,162
1629,"Outras entidades","Outras entidades","Asset","Natural","Yes","No",,162
163,"Obrigacionistas","Obrigacionistas","Asset","Natural","Yes","No",,16
169,"Devedores diversos","Devedores diversos","Asset","Natural","Yes","No",,16
17,"Títulos negociáveis","Títulos negociáveis","Asset","Natural","Yes","Yes",,1
171,"Acções","Acções","Asset","Natural","Yes","No",,17
172,"Obrigações e títulos de participação","Obrigações e títulos de participação","Asset","Natural","Yes","No",,17
173,"Títulos da dívida pública","Títulos da dívida pública","Asset","Natural","Yes","No",,17
178,"Outros títulos","Outros títulos","Asset","Natural","Yes","No",,17
179,"Outras aplicações de tesouraria","Outras aplicações de tesouraria","Asset","Natural","Yes","No",,17
18,"Provisões","Provisões","Asset","Natural","Yes","Yes",,1
181,"Provisões para cobranças duvidosas","Provisões para cobranças duvidosas","Asset","Natural","Yes","No",,18
1811,"Créditos sobre clientes","Créditos sobre clientes","Asset","Natural","Yes","No",,181
1812,"Créditos sobre devedores","Créditos sobre devedores","Asset","Natural","Yes","No",,181
182,"Provisões para títulos negociáveis","Provisões para títulos negociáveis","Asset","Natural","Yes","No",,18
1821,"Acções","Acções","Asset","Natural","Yes","No",,182
1822,"Obrigações e títulos de participação","Obrigações e títulos de participação","Asset","Natural","Yes","No",,182
1823,"Títulos da dívida pública","Títulos da dívida pública","Asset","Natural","Yes","No",,182
1828,"Outros títulos","Outros títulos","Asset","Natural","Yes","No",,182
1829,"Outras aplicações de tesouraria","Outras aplicações de tesouraria","Asset","Natural","Yes","No",,182
19,"Acréscimo de proveitos e custos diferidos","Acréscimo de proveitos e custos diferidos","Asset","Natural","Yes","Yes",,1
191,"Acréscimo de proveitos","Acréscimo de proveitos","Asset","Natural","Yes","No",,19
1911,"Juros a receber","Juros a receber","Asset","Natural","Yes","No",,191
1919,"Outros acréscimos de proveitos","Outros acréscimos de proveitos","Asset","Natural","Yes","No",,191
192,"Custos diferidos","Custos diferidos","Asset","Natural","Yes","No",,19
1921,"Desconto de emissão de obrigações","Desconto de emissão de obrigações","Asset","Natural","Yes","No",,192
1922,"Desconto de emissão de títulos de participação","Desconto de emissão de títulos de participação","Asset","Natural","Yes","No",,192
1923,"Diferenças de câmbio desfavoráveis","Diferenças de câmbio desfavoráveis","Asset","Natural","Yes","No",,192
19231,"Imobilizações em curso","Imobilizações em curso","Asset","Natural","Yes","No",,1923
19232,"Outras","Outras","Asset","Natural","Yes","No",,1923
1929,"Outros custos diferidos","Outros custos diferidos","Asset","Natural","Yes","No",,192
2,"Contas de meios circulantes materiais","Contas de meios circulantes materiais","Asset","Natural","Yes","Yes",,
21,"Compras","Compras","Asset","Natural","Yes","Yes",,2
212,"Mercadorias","Mercadorias","Asset","Natural","Yes","No",,21
216,"Matérias primas, auxiliares e materiais","Matérias primas, auxiliares e materiais","Asset","Natural","Yes","No",,21
2161,"Matérias primas","Matérias primas","Asset","Natural","Yes","No",,216
2162,"Matérias auxiliares","Matérias auxiliares","Asset","Natural","Yes","No",,216
2163,"Materiais","Materiais","Asset","Natural","Yes","No",,216
21631,"Combustíveis e lubrificantes","Combustíveis e lubrificantes","Asset","Natural","Yes","No",,2163
21632,"Embalagens comerciais","Embalagens comerciais","Asset","Natural","Yes","No",,2163
21633,"Peças e sobressalentes","Peças e sobressalentes","Asset","Natural","Yes","No",,2163
21639,"Materiais diversos","Materiais diversos","Asset","Natural","Yes","No",,2163
217,"Devoluções de compras","Devoluções de compras","Asset","Natural","Yes","No",,21
218,"Descontos e abatimentos em compras","Descontos e abatimentos em compras","Asset","Natural","Yes","No",,21
22,"Mercadorias","Mercadorias","Asset","Natural","Yes","Yes",,2
225,"Mercadorias em trânsito","Mercadorias em trânsito","Asset","Natural","Yes","No",,22
226,"Mercadorias em poder de terceiros","Mercadorias em poder de terceiros","Asset","Natural","Yes","No",,22
23,"Produtos acabados e intermédios","Produtos acabados e intermédios","Asset","Natural","Yes","Yes",,2
236,"Produtos acabados em poder de terceiros","Produtos acabados em poder de terceiros","Asset","Natural","Yes","No",,23
24,"Subprodutos, desperdícios, resíduos e refugos","Subprodutos, desperdícios, resíduos e refugos","Asset","Natural","Yes","Yes",,2
241,"Subprodutos","Subprodutos","Asset","Natural","Yes","No",,24
246,"Desperdícios, resíduos e refugos","Desperdícios, resíduos e refugos","Asset","Natural","Yes","No",,24
25,"Produtos ou serviços em curso","Produtos ou serviços em curso","Asset","Natural","Yes","Yes",,2
26,"Matérias primas, auxiliares e materiais","Matérias primas, auxiliares e materiais","Asset","Natural","Yes","Yes",,2
261,"Matérias primas","Matérias primas","Asset","Natural","Yes","No",,26
262,"Matérias auxiliares","Matérias auxiliares","Asset","Natural","Yes","No",,26
263,"Materiais","Materiais","Asset","Natural","Yes","No",,26
2631,"Combustíveis e lubrificantes","Combustíveis e lubrificantes","Asset","Natural","Yes","No",,263
2632,"Embalagens comerciais","Embalagens comerciais","Asset","Natural","Yes","No",,263
2633,"Peças e sobressalentes","Peças e sobressalentes","Asset","Natural","Yes","No",,263
2639,"Materiais diversos","Materiais diversos","Asset","Natural","Yes","No",,263
265,"Matéria primas, auxiliares e materiais em trânsito","Matéria primas, auxiliares e materiais em trânsito","Asset","Natural","Yes","No",,26
28,"Regularização de meios circulantes materiais","Regularização de meios circulantes materiais","Asset","Natural","Yes","Yes",,2
282,"Matérias primas","Matérias primas","Asset","Natural","Yes","No",,28
283,"Produtos acabados e intermédios","Produtos acabados e intermédios","Asset","Natural","Yes","No",,28
284,"Subprodutos, desperdícios, resíduos e refugos","Subprodutos, desperdícios, resíduos e refugos","Asset","Natural","Yes","No",,28
285,"Produtos ou serviços em curso","Produtos ou serviços em curso","Asset","Natural","Yes","No",,28
286,"Matéria primas, auxiliares e materiais","Matéria primas, auxiliares e materiais","Asset","Natural","Yes","No",,28
29,"Provisões para depreciação de meios circulantes materiais","Provisões para depreciação de meios circulantes materiais","Asset","Natural","Yes","Yes",,2
292,"Mercadorias","Mercadorias","Asset","Natural","Yes","No",,29
293,"Produtos acabados e intermédios","Produtos acabados e intermédios","Asset","Natural","Yes","No",,29
294,"Subprodutos, desperdícios, resíduos e refugos","Subprodutos, desperdícios, resíduos e refugos","Asset","Natural","Yes","No",,29
295,"Produtos ou serviços em curso","Produtos ou serviços em curso","Asset","Natural","Yes","No",,29
296,"Matéria primas, auxiliares e materiais","Matéria primas, auxiliares e materiais","Asset","Natural","Yes","No",,29
3,"Contas de meios imobilizados","Contas de meios imobilizados","Asset","Natural","Yes","Yes",,
31,"Imobilizações financeiras","Imobilizações financeiras","Asset","Natural","Yes","Yes",,3
311,"Partes sociais","Partes sociais","Asset","Natural","Yes","No",,31
312,"Obrigações e títulos de participação","Obrigações e títulos de participação","Asset","Natural","Yes","No",,31
313,"Investimentos em imóveis","Investimentos em imóveis","Asset","Natural","Yes","No",,31
314,"Outras imobilizações financeiras","Outras imobilizações financeiras","Asset","Natural","Yes","No",,31
3141,"Títulos da dívida pública","Títulos da dívida pública","Asset","Natural","Yes","No",,314
3142,"Outros títulos","Outros títulos","Asset","Natural","Yes","No",,314
32,"Imobilizações corpóreas","Imobilizações corpóreas","Asset","Natural","Yes","Yes",,3
321,"Construções","Construções","Asset","Natural","Yes","No",,32
3211,"Edifícios industriais","Edifícios industriais","Asset","Natural","Yes","No",,321
3212,"Edifícios administrativos e comerciais","Edifícios administrativos e comerciais","Asset","Natural","Yes","No",,321
3213,"Edifícios para habitação e outros fins sociais","Edifícios para habitação e outros fins sociais","Asset","Natural","Yes","No",,321
3216,"Vias de comunicações e construções afins","Vias de comunicações e construções afins","Asset","Natural","Yes","No",,321
322,"Equipamento básico","Equipamento básico","Asset","Natural","Yes","No",,32
323,"Mobiliário e equipamento administrativo social","Mobiliário e equipamento administrativo social","Asset","Natural","Yes","No",,32
324,"Equipamento de transporte","Equipamento de transporte","Asset","Natural","Yes","No",,32
325,"Taras e vasilhame","Taras e vasilhame","Asset","Natural","Yes","No",,32
326,"Ferramentas e utensílios","Ferramentas e utensílios","Asset","Natural","Yes","No",,32
329,"Outras imobilizações corpóreas","Outras imobilizações corpóreas","Asset","Natural","Yes","No",,32
33,"Imobilizações incorpóreas","Imobilizações incorpóreas","Asset","Natural","Yes","Yes",,3
331,"Encargos de constituição ou de expansão","Encargos de constituição ou de expansão","Asset","Natural","Yes","No",,33
3311,"Encargos com constituição e organização da empresa","Encargos com constituição e organização da empresa","Asset","Natural","Yes","No",,331
3312,"Aumento de capital","Aumento de capital","Asset","Natural","Yes","No",,331
3313,"Estudos e projectos industriais","Estudos e projectos industriais","Asset","Natural","Yes","No",,331
3314,"Estudos e projectos comerciais","Estudos e projectos comerciais","Asset","Natural","Yes","No",,331
332,"Encargos de investigação e desenvolvimento","Encargos de investigação e desenvolvimento","Asset","Natural","Yes","No",,33
333,"Propriedade industrial e outros direitos","Propriedade industrial e outros direitos","Asset","Natural","Yes","No",,33
334,"Trespasses","Trespasses","Asset","Natural","Yes","No",,33
34,"Imobilizações em curso","Imobilizações em curso","Asset","Natural","Yes","Yes",,3
341,"Imobilizações financeiras","Imobilizações financeiras","Asset","Natural","Yes","No",,34
342,"Imobilizações corpóreas","Imobilizações corpóreas","Asset","Natural","Yes","No",,34
343,"Imobilizações incorpóreas","Imobilizações incorpóreas","Asset","Natural","Yes","No",,34
38,"Amortizações","Amortizações","Asset","Natural","Yes","Yes",,3
381,"De imobilizações financeiras","De imobilizações financeiras","Asset","Natural","Yes","No",,38
3813,"Investimentos em imóveis","Investimentos em imóveis","Asset","Natural","Yes","No",,381
382,"De imobilizações corpóreas","De imobilizações corpóreas","Asset","Natural","Yes","No",,38
3821,"Construções","Construções","Asset","Natural","Yes","No",,382
3822,"Equipamento básico","Equipamento básico","Asset","Natural","Yes","No",,382
3823,"Mobiliário e equipamento administrativo social","Mobiliário e equipamento administrativo social","Asset","Natural","Yes","No",,382
3824,"Equipamento de transporte","Equipamento de transporte","Asset","Natural","Yes","No",,382
3825,"Taras e vasilhame","Taras e vasilhame","Asset","Natural","Yes","No",,382
3826,"Ferramentas e utensílios","Ferramentas e utensílios","Asset","Natural","Yes","No",,382
3829,"Outras imobilizações corpóreas","Outras imobilizações corpóreas","Asset","Natural","Yes","No",,382
383,"De imobilizações incorpóreas","De imobilizações incorpóreas","Asset","Natural","Yes","No",,38
3831,"Encargos de constituição ou de expansão","Encargos de constituição ou de expansão","Asset","Natural","Yes","No",,383
3832,"Encargos de investigação e desenvolvimento","Encargos de investigação e desenvolvimento","Asset","Natural","Yes","No",,383
3833,"Propriedade industrial e outros direitos","Propriedade industrial e outros direitos","Asset","Natural","Yes","No",,383
3834,"Trespasses","Trespasses","Asset","Natural","Yes","No",,383
39,"Provisões para imobilizações financeiras","Provisões para imobilizações financeiras","Asset","Natural","Yes","Yes",,3
391,"Partes sociais","Partes sociais","Asset","Natural","Yes","No",,39
392,"Obrigações e outros títulos de participação","Obrigações e outros títulos de participação","Asset","Natural","Yes","No",,39
394,"Outras imobilizações financeiras","Outras imobilizações financeiras","Asset","Natural","Yes","No",,39
4,"Contas de credores","Contas de credores","Liability","Natural","Yes","Yes",,
41,"Fornecedores","Fornecedores","Liability","Natural","Yes","Yes",,4
411,"Fornecedores c/c","Fornecedores c/c","Liability","Natural","Yes","No",,41
412,"Fornecedores - Títulos a pagar","Fornecedores - Títulos a pagar","Liability","Natural","Yes","No",,41
419,"Adiantamentos a fornecedores","Adiantamentos a fornecedores","Liability","Natural","Yes","No",,41
42,"Empréstimos obtidos","Empréstimos obtidos","Liability","Natural","Yes","Yes",,4
421,"Empréstimos bancários","Empréstimos bancários","Liability","Natural","Yes","No",,42
4211,"De curto prazo","De curto prazo","Liability","Natural","Yes","No",,421
4212,"De médio e longo prazo","De médio e longo prazo","Liability","Natural","Yes","No",,421
423,"Empréstimos por obrigações","Empréstimos por obrigações","Liability","Natural","Yes","No",,42
4231,"Convertíveis","Convertíveis","Liability","Natural","Yes","No",,423
4232,"Não convertíveis","Não convertíveis","Liability","Natural","Yes","No",,423
424,"Empréstimos por títulos de participação","Empréstimos por títulos de participação","Liability","Natural","Yes","No",,42
429,"Outros empréstimos obtidos","Outros empréstimos obtidos","Liability","Natural","Yes","No",,42
44,"Credor - Estado","Credor - Estado","Liability","Natural","Yes","Yes",,4
441,"Imposto sobre o rendimento","Imposto sobre o rendimento","Liability","Natural","Yes","No",,44
442,"Imposto sobre o rendimento - Retenções na fonte","Imposto sobre o rendimento - Retenções na fonte","Liability","Natural","Yes","No",,44
4421,"Rendimentos da primeira categoria","Rendimentos da primeira categoria","Liability","Natural","Yes","No",,442
4422,"Rendimentos da segunda categoria","Rendimentos da segunda categoria","Liability","Natural","Yes","No",,442
4423,"Rendimentos da terceira categoria","Rendimentos da terceira categoria","Liability","Natural","Yes","No",,442
4424,"Rendimentos da quarta categoria","Rendimentos da quarta categoria","Liability","Natural","Yes","No",,442
4425,"Rendimentos da quinta categoria","Rendimentos da quinta categoria","Liability","Natural","Yes","No",,442
443,"IVA liquidado","IVA liquidado","Liability","Natural","Yes","No",,44
4431,"Operações gerais","Operações gerais","Liability","Natural","Yes","No",,443
4432,"Autoconsumos e operações gratuitas","Autoconsumos e operações gratuitas","Liability","Natural","Yes","No",,443
4433,"Operações especiais","Operações especiais","Liability","Natural","Yes","No",,443
444,"IVA regularizações","IVA regularizações","Liability","Natural","Yes","No",,44
4441,"Mensais a favor do Estado","Mensais a favor do Estado","Liability","Natural","Yes","No",,444
4442,"Anuais por cálculo do pro rata definitivo","Anuais por cálculo do pro rata definitivo","Liability","Natural","Yes","No",,444
445,"IVA apuramento","IVA apuramento","Liability","Natural","Yes","No",,44
446,"IVA liquidações oficiosas","IVA liquidações oficiosas","Liability","Natural","Yes","No",,44
447,"IVA a pagar","IVA a pagar","Liability","Natural","Yes","No",,44
448,"Restantes impostos","Restantes impostos","Liability","Natural","Yes","No",,44
4481,"Imposto de selo","Imposto de selo","Liability","Natural","Yes","No",,448
4482,"Impostos autárquicos","Impostos autárquicos","Liability","Natural","Yes","No",,448
449,"Contribuições para o INSS","Contribuições para o INSS","Liability","Natural","Yes","No",,44
45,"Credores – sócios, accionistas ou proprietários","Credores – sócios, accionistas ou proprietários","Liability","Natural","Yes","Yes",,4
451,"Empréstimos obtidos","Empréstimos obtidos","Liability","Natural","Yes","No",,45
452,"Adiantamento por conta de lucros","Adiantamento por conta de lucros","Liability","Natural","Yes","No",,45
453,"Resultados atribuídos","Resultados atribuídos","Liability","Natural","Yes","No",,45
454,"Lucros disponíveis","Lucros disponíveis","Liability","Natural","Yes","No",,45
46,"Outros Credores","Outros Credores","Liability","Natural","Yes","Yes",,4
461,"Fornecedores de imobilizado","Fornecedores de imobilizado","Liability","Natural","Yes","No",,46
4611,"Fornecedores de imobilizado c/c","Fornecedores de imobilizado c/c","Liability","Natural","Yes","No",,461
4612,"Fornecedores de imobilizado - Títulos a pagar","Fornecedores de imobilizado - Títulos a pagar","Liability","Natural","Yes","No",,461
4613,"Fornecedores de imobilizado - Adiantamentos","Fornecedores de imobilizado - Adiantamentos","Liability","Natural","Yes","No",,461
4619,"Outras operações","Outras operações","Liability","Natural","Yes","No",,461
462,"Pessoal","Pessoal","Liability","Natural","Yes","No",,46
4621,"Remunerações a pagar aos orgão sociais","Remunerações a pagar aos orgão sociais","Liability","Natural","Yes","No",,462
4622,"Remunerações a pagar aos trabalhadores","Remunerações a pagar aos trabalhadores","Liability","Natural","Yes","No",,462
4628,"Outras operações com os orgãos sociais","Outras operações com os orgãos sociais","Liability","Natural","Yes","No",,462
4629,"Outras operações com os trabalhadores","Outras operações com os trabalhadores","Liability","Natural","Yes","No",,462
463,"Sindicatos","Sindicatos","Liability","Natural","Yes","No",,46
464,"Credores por subscrições Não liberadas","Credores por subscrições Não liberadas","Liability","Natural","Yes","No",,46
465,"Obrigacionistas","Obrigacionistas","Liability","Natural","Yes","No",,46
466,"Consultores, assessores e intermediários","Consultores, assessores e intermediários","Liability","Natural","Yes","No",,46
469,"Credores diversos","Credores diversos","Liability","Natural","Yes","No",,46
48,"Provisões para riscos e encargos","Provisões para riscos e encargos","Liability","Natural","Yes","Yes",,4
481,"Processos judiciais em cursos","Processos judiciais em cursos","Liability","Natural","Yes","No",,48
482,"Acidentes no trabalho e doenças profissionais","Acidentes no trabalho e doenças profissionais","Liability","Natural","Yes","No",,48
483,"Impostos","Impostos","Liability","Natural","Yes","No",,48
489,"Outros riscos e encargos","Outros riscos e encargos","Liability","Natural","Yes","No",,48
49,"Acréscimo de custos e proveitos diferidos","Acréscimo de custos e proveitos diferidos","Liability","Natural","Yes","Yes",,4
491,"Acréscimo de custos","Acréscimo de custos","Liability","Natural","Yes","No",,49
4911,"Juros a pagar","Juros a pagar","Liability","Natural","Yes","No",,491
4912,"Remunerações a pagar","Remunerações a pagar","Liability","Natural","Yes","No",,491
4919,"Outros acréscimos de custos","Outros acréscimos de custos","Liability","Natural","Yes","No",,491
492,"Proveitos diferidos","Proveitos diferidos","Liability","Natural","Yes","No",,49
4921,"Prémios de emissão de obrigações","Prémios de emissão de obrigações","Liability","Natural","Yes","No",,492
4922,"Prémios de emissão de títulos de participação","Prémios de emissão de títulos de participação","Liability","Natural","Yes","No",,492
4923,"Diferenças de câmbio favoráveis","Diferenças de câmbio favoráveis","Liability","Natural","Yes","No",,492
49231,"De imobilizações em curso","De imobilizações em curso","Liability","Natural","Yes","No",,4923
49232,"Outras","Outras","Liability","Natural","Yes","No",,4923
4924,"Subsídios para investimentos","Subsídios para investimentos","Liability","Natural","Yes","No",,492
4929,"Outros proveitos diferidos","Outros proveitos diferidos","Liability","Natural","Yes","No",,492
5,"Contas de capital e fundos próprios","Contas de capital e fundos próprios","Asset","Natural","Yes","Yes",,
51,"Capital","Capital","Asset","Natural","Yes","Yes",,5
52,"Acções ou quotas próprias","Acções ou quotas próprias","Asset","Natural","Yes","Yes",,5
521,"Valor nominal","Valor nominal","Asset","Natural","Yes","No",,52
522,"Descontos e prémios","Descontos e prémios","Asset","Natural","Yes","No",,52
53,"Prestações suplementares","Prestações suplementares","Asset","Natural","Yes","Yes",,5
54,"Prémios de emissão de acções ou quotas","Prémios de emissão de acções ou quotas","Asset","Natural","Yes","Yes",,5
55,"Reservas","Reservas","Asset","Natural","Yes","Yes",,5
551,"Reservas de reavaliação","Reservas de reavaliação","Asset","Natural","Yes","No",,55
5511,"Decreto n.º 13/88, de 11 de Novembro","Decreto n.º 13/88, de 11 de Novembro","Asset","Natural","Yes","No",,551
5512,"Decreto n.º 33/93, de 30 de Dezembro","Decreto n.º 33/93, de 30 de Dezembro","Asset","Natural","Yes","No",,551
552,"Reservas legais","Reservas legais","Asset","Natural","Yes","No",,55
553,"Reservas estatutárias","Reservas estatutárias","Asset","Natural","Yes","No",,55
554,"Reservas livres","Reservas livres","Asset","Natural","Yes","No",,55
555,"Doações","Doações","Asset","Natural","Yes","No",,55
59,"resultados acumulados","resultados acumulados","Asset","Natural","Yes","Yes",,5
6,"Contas de custos e perdas","Contas de custos e perdas","Expense","Natural","Yes","Yes",,
61,"Custos dos meios circulantes materiais vendidos ou consumidos","Custos dos meios circulantes materiais vendidos ou consumidos","Expense","Natural","Yes","Yes",,6
612,"De mercadorias","De mercadorias","Expense","Natural","Yes","No",,61
616,"De matérias primas, auxiliares e materiais","De matérias primas, auxiliares e materiais","Expense","Natural","Yes","No",,61
6161,"Matérias primas","Matérias primas","Expense","Natural","Yes","No",,616
6162,"Matérias auxiliares","Matérias auxiliares","Expense","Natural","Yes","No",,616
6163,"Materiais","Materiais","Expense","Natural","Yes","No",,616
62,"Custos com pessoal","Custos com pessoal","Expense","Natural","Yes","Yes",,6
621,"Remunerações dos orgãos sociais","Remunerações dos orgãos sociais","Expense","Natural","Yes","No",,62
622,"Remunerações dos trabalhadores","Remunerações dos trabalhadores","Expense","Natural","Yes","No",,62
623,"Encargos sobre remunerações","Encargos sobre remunerações","Expense","Natural","Yes","No",,62
624,"Pensões","Pensões","Expense","Natural","Yes","No",,62
625,"Ajudas de custo","Ajudas de custo","Expense","Natural","Yes","No",,62
626,"Indemnizações","Indemnizações","Expense","Natural","Yes","No",,62
627,"Seguros de acidentes no trabalho e doenças profissionais","Seguros de acidentes no trabalho e doenças profissionais","Expense","Natural","Yes","No",,62
628,"Custos de acção social","Custos de acção social","Expense","Natural","Yes","No",,62
629,"Outros custos com pessoal","Outros custos com pessoal","Expense","Natural","Yes","No",,62
63,"Fornecimentos e serviços de terceiros","Fornecimentos e serviços de terceiros","Expense","Natural","Yes","Yes",,6
631,"Subcontratos","Subcontratos","Expense","Natural","Yes","No",,63
632,"Fornecimentos e serviços","Fornecimentos e serviços","Expense","Natural","Yes","No",,63
63211,"Água","Água","Expense","Natural","Yes","No",,6321
63212,"Electricidade","Electricidade","Expense","Natural","Yes","No",,6321
63213,"Combustíveis","Combustíveis","Expense","Natural","Yes","No",,6321
632131,"Gasóleo","Gasóleo","Expense","Natural","Yes","No",,63213
632132,"Restantes combustíveis","Restantes combustíveis","Expense","Natural","Yes","No",,63213
632133,"Lubrificantes","Lubrificantes","Expense","Natural","Yes","No",,63213
63214,"Ferramentas e utensílios de desgaste rápido","Ferramentas e utensílios de desgaste rápido","Expense","Natural","Yes","No",,6321
63215,"Material de manutenção e reparação","Material de manutenção e reparação","Expense","Natural","Yes","No",,6321
63216,"Material de escritório","Material de escritório","Expense","Natural","Yes","No",,6321
63217,"Livros e documentação técnica","Livros e documentação técnica","Expense","Natural","Yes","No",,6321
63218,"Artigos para oferta","Artigos para oferta","Expense","Natural","Yes","No",,6321
63219,".....",".....","Expense","Natural","No","No",,6321
63220,".....",".....","Expense","Natural","No","No",,6322
63221,"Manutenção e reparação","Manutenção e reparação","Expense","Natural","Yes","No",,6322
63222,"Transportes de carga","Transportes de carga","Expense","Natural","Yes","No",,6322
63223,"Transportes de pessoal","Transportes de pessoal","Expense","Natural","Yes","No",,6322
63224,"Comunicações","Comunicações","Expense","Natural","Yes","No",,6322
63225,"Honorários","Honorários","Expense","Natural","Yes","No",,6322
63226,"Comissões e intermediários","Comissões e intermediários","Expense","Natural","Yes","No",,6322
63227,"Publicidade e propaganda","Publicidade e propaganda","Expense","Natural","Yes","No",,6322
63228,"Deslocações e estadias","Deslocações e estadias","Expense","Natural","Yes","No",,6322
63229,"Despesas de representação","Despesas de representação","Expense","Natural","Yes","No",,6322
63230,".....",".....","Expense","Natural","No","No",,6323
63231,"Contencioso e notariado","Contencioso e notariado","Expense","Natural","Yes","No",,6323
63232,"Rendas e alugueres","Rendas e alugueres","Expense","Natural","Yes","No",,6323
63233,"Seguros","Seguros","Expense","Natural","Yes","No",,6323
63234,"Royalties","Royalties","Expense","Natural","Yes","No",,6323
63235,"Limpeza, higiene e conforto","Limpeza, higiene e conforto","Expense","Natural","Yes","No",,6323
63236,"Vigilância e segurança","Vigilância e segurança","Expense","Natural","Yes","No",,6323
63237,"Trabalhos especializados","Trabalhos especializados","Expense","Natural","Yes","No",,6323
63290,".....",".....","Expense","Natural","No","No",,6329
63299,"Outros fornecimentos e serviços","Outros fornecimentos e serviços","Expense","Natural","Yes","No",,6329
64,"Impostos e taxas","Impostos e taxas","Liability","Natural","Yes","Yes",,6
641,"Direitos aduaneiros","Direitos aduaneiros","Liability","Natural","Yes","No",,64
642,"Imposto sobre o Valor Acrescentado","Imposto sobre o Valor Acrescentado","Liability","Natural","Yes","No",,64
643,"Imposto de selo","Imposto de selo","Liability","Natural","Yes","No",,64
644,"Imposto sobre veículos","Imposto sobre veículos","Liability","Natural","Yes","No",,64
645,"Impostos autárquicos","Impostos autárquicos","Liability","Natural","Yes","No",,64
65,"Amortizações do exercício","Amortizações do exercício","Liability","Natural","Yes","Yes",,6
652,"Imobilizações corpóreas","Imobilizações corpóreas","Liability","Natural","Yes","No",,65
6521,"Construções","Construções","Liability","Natural","Yes","No",,652
6522,"Equipamento básico","Equipamento básico","Liability","Natural","Yes","No",,652
6523,"Mobiliário e equipamento administrativo social","Mobiliário e equipamento administrativo social","Liability","Natural","Yes","No",,652
6524,"Equipamento de transporte","Equipamento de transporte","Liability","Natural","Yes","No",,652
6525,"Taras e vasilhame","Taras e vasilhame","Liability","Natural","Yes","No",,652
6526,"Ferramentas e utensílios","Ferramentas e utensílios","Liability","Natural","Yes","No",,652
6529,"Outras imobilizações corpóreas","Outras imobilizações corpóreas","Liability","Natural","Yes","No",,652
653,"Imobilizações incorpóreas","Imobilizações incorpóreas","Liability","Natural","Yes","No",,65
6531,"Encargos de constituição ou de expansão","Encargos de constituição ou de expansão","Liability","Natural","Yes","No",,653
6532,"Encargos de investigação e desenvolvimento","Encargos de investigação e desenvolvimento","Liability","Natural","Yes","No",,653
6533,"Propriedade industrial e outros direitos","Propriedade industrial e outros direitos","Liability","Natural","Yes","No",,653
6534,"Trespasses","Trespasses","Liability","Natural","Yes","No",,653
66,"Provisões do exercício","Provisões do exercício","Liability","Natural","Yes","Yes",,6
661,"Para cobranças duvidosas","Para cobranças duvidosas","Liability","Natural","Yes","No",,66
6611,"Créditos sobre clientes","Créditos sobre clientes","Liability","Natural","Yes","No",,661
6612,"Créditos sobre devedores","Créditos sobre devedores","Liability","Natural","Yes","No",,661
662,"Para riscos e encargos","Para riscos e encargos","Liability","Natural","Yes","No",,66
6621,"Processos judiciais em cursos","Processos judiciais em cursos","Liability","Natural","Yes","No",,662
6622,"Acidentes no trabalho e doenças profissionais","Acidentes no trabalho e doenças profissionais","Liability","Natural","Yes","No",,662
6623,"Impostos","Impostos","Liability","Natural","Yes","No",,662
6624,"Pensões","Pensões","Liability","Natural","Yes","No",,662
6629,"Outros riscos e encargos","Outros riscos e encargos","Liability","Natural","Yes","No",,662
663,"Para depreciação de existências","Para depreciação de existências","Liability","Natural","Yes","No",,66
6632,"Mercadorias","Mercadorias","Liability","Natural","Yes","No",,663
6633,"Produtos acabados e intermédios","Produtos acabados e intermédios","Liability","Natural","Yes","No",,663
6634,"Subprodutos, desperdícios, resíduos e refugos","Subprodutos, desperdícios, resíduos e refugos","Liability","Natural","Yes","No",,663
6635,"Produtos ou serviços em curso","Produtos ou serviços em curso","Liability","Natural","Yes","No",,663
6636,"Matéria primas, auxiliares e materiais","Matéria primas, auxiliares e materiais","Liability","Natural","Yes","No",,663
67,"Outros custos e perdas operacionais","Outros custos e perdas operacionais","Liability","Natural","Yes","Yes",,6
671,"Despesas com propriedade industrial e outros direitos","Despesas com propriedade industrial e outros direitos","Liability","Natural","Yes","No",,67
672,"Quotizações","Quotizações","Liability","Natural","Yes","No",,67
673,"Despesas confidenciais","Despesas confidenciais","Liability","Natural","Yes","No",,67
674,"Ofertas e amostras de existências","Ofertas e amostras de existências","Liability","Natural","Yes","No",,67
675,"Programas de responsabilidade social","Programas de responsabilidade social","Liability","Natural","Yes","No",,67
68,"Custos e perdas financeiros","Custos e perdas financeiros","Liability","Natural","Yes","Yes",,6
681,"Juros suportados","Juros suportados","Liability","Natural","Yes","No",,68
6811,"Empréstimos bancários","Empréstimos bancários","Liability","Natural","Yes","No",,681
6812,"Empréstimos obrigacionistas e títulos de participação","Empréstimos obrigacionistas e títulos de participação","Liability","Natural","Yes","No",,681
6813,"Empréstimos de sócios, accionistas ou proprietários","Empréstimos de sócios, accionistas ou proprietários","Liability","Natural","Yes","No",,681
6814,"Outros empréstimos","Outros empréstimos","Liability","Natural","Yes","No",,681
6815,"Desconto de títulos","Desconto de títulos","Liability","Natural","Yes","No",,681
6816,"Juros de mora e compensatórios","Juros de mora e compensatórios","Liability","Natural","Yes","No",,681
6819,"Outros juros","Outros juros","Liability","Natural","Yes","No",,681
682,"Amortizações de imobilizações financeiras","Amortizações de imobilizações financeiras","Liability","Natural","Yes","No",,68
6823,"Investimentos em imóveis","Investimentos em imóveis","Liability","Natural","Yes","No",,682
683,"Provisões para títulos negociáveis e imobilizações financeiras","Provisões para títulos negociáveis e imobilizações financeiras","Liability","Natural","Yes","No",,68
6831,"Títulos negociáveis","Títulos negociáveis","Liability","Natural","Yes","No",,683
68311,"Acções","Acções","Liability","Natural","Yes","No",,6831
68319,"Outras aplicações de tesouraria","Outras aplicações de tesouraria","Liability","Natural","Yes","No",,6831
6832,"Partes de capital","Partes de capital","Liability","Natural","Yes","No",,683
6833,"Obrigações e títulos de participação","Obrigações e títulos de participação","Liability","Natural","Yes","No",,683
6834,"Outras imobilizações financeiras","Outras imobilizações financeiras","Liability","Natural","Yes","No",,683
684,"Diferenças de câmbio desfavoráveis","Diferenças de câmbio desfavoráveis","Liability","Natural","Yes","No",,68
685,"Descontos de pronto pagamento concedidos","Descontos de pronto pagamento concedidos","Liability","Natural","Yes","No",,68
686,"Perdas na alienação de títulos negociáveis","Perdas na alienação de títulos negociáveis","Liability","Natural","Yes","No",,68
688,"Outros custos e perdas financeiros","Outros custos e perdas financeiros","Liability","Natural","Yes","No",,68
6881,"Serviços bancários","Serviços bancários","Liability","Natural","Yes","No",,688
6889,"Diversos Não especificados","Diversos Não especificados","Liability","Natural","Yes","No",,688
689,".....",".....","Liability","Natural","No","No",,68
69,"Custos e perdas extraordinários","Custos e perdas extraordinários","Liability","Natural","Yes","Yes",,6
691,"Perdas em meios imobilizados","Perdas em meios imobilizados","Liability","Natural","Yes","No",,69
6911,"Alienação de imobilizações financeiras","Alienação de imobilizações financeiras","Liability","Natural","Yes","No",,691
6912,"Alienação de imobilizações corpóreas","Alienação de imobilizações corpóreas","Liability","Natural","Yes","No",,691
6913,"Alienação de imobilizações incorpóreas","Alienação de imobilizações incorpóreas","Liability","Natural","Yes","No",,691
6914,"Abates","Abates","Liability","Natural","Yes","No",,691
6915,"Sinistros","Sinistros","Liability","Natural","Yes","No",,691
692,"Perdas em meios circulantes materiais","Perdas em meios circulantes materiais","Liability","Natural","Yes","No",,69
6921,"Sinistros","Sinistros","Liability","Natural","Yes","No",,692
6922,"Quebras","Quebras","Liability","Natural","Yes","No",,692
6929,"Outras","Outras","Liability","Natural","Yes","No",,692
693,"Créditos incobráveis","Créditos incobráveis","Liability","Natural","Yes","No",,69
694,"Donativos","Donativos","Liability","Natural","Yes","No",,69
695,"Multas e penalidades","Multas e penalidades","Liability","Natural","Yes","No",,69
696,"Aumentos de amortizações e provisões","Aumentos de amortizações e provisões","Liability","Natural","Yes","No",,69
6961,"Amortizações","Amortizações","Liability","Natural","Yes","No",,696
6962,"Provisões","Provisões","Liability","Natural","Yes","No",,696
697,"Regularização do IVA a favor do Estado por cálculo do pro rata definitivo","Regularização do IVA a favor do Estado por cálculo do pro rata definitivo","Liability","Natural","Yes","No",,69
698,"Correcções imputáveis a exercícios anteriores","Correcções imputáveis a exercícios anteriores","Liability","Natural","Yes","No",,69
699,"Outros custos e perdas extraordinários","Outros custos e perdas extraordinários","Liability","Natural","Yes","No",,69
7,"Contas de proveitos e ganhos","Contas de proveitos e ganhos","Revenue","Natural","Yes","Yes",,
71,"Vendas de meios circulantes materiais","Vendas de meios circulantes materiais","Revenue","Natural","Yes","Yes",,7
711,"Mercadorias","Mercadorias","Revenue","Natural","Yes","No",,71
712,"Produtos acabados e intermédios","Produtos acabados e intermédios","Revenue","Natural","Yes","No",,71
713,"Subprodutos, desperdícios, resíduos e refugos","Subprodutos, desperdícios, resíduos e refugos","Revenue","Natural","Yes","No",,71
714,"IVA das vendas com imposto incluído","IVA das vendas com imposto incluído","Revenue","Natural","Yes","No",,71
715,"Devolução de vendas","Devolução de vendas","Revenue","Natural","Yes","No",,71
716,"Descontos e abatimentos","Descontos e abatimentos","Revenue","Natural","Yes","No",,71
72,"Venda de serviços","Venda de serviços","Revenue","Natural","Yes","Yes",,7
724,"IVA das vendas de serviços com imposto incluído","IVA das vendas de serviços com imposto incluído","Revenue","Natural","Yes","No",,72
726,"Descontos e abatimentos","Descontos e abatimentos","Revenue","Natural","Yes","No",,72
73,"Investimentos realizados pela própria empresa","Investimentos realizados pela própria empresa","Revenue","Natural","Yes","Yes",,7
731,"Imobilizações financeiras","Imobilizações financeiras","Revenue","Natural","Yes","No",,73
732,"Imobilizações corpóreas","Imobilizações corpóreas","Revenue","Natural","Yes","No",,73
733,"Imobilizações incorpóreas","Imobilizações incorpóreas","Revenue","Natural","Yes","No",,73
734,"Imobilizações em curso","Imobilizações em curso","Revenue","Natural","Yes","No",,73
74,"Subsídios à exploração","Subsídios à exploração","Revenue","Natural","Yes","Yes",,7
741,"Do Estado e outras entidades públicas","Do Estado e outras entidades públicas","Revenue","Natural","Yes","No",,74
749,"De outras entidades","De outras entidades","Revenue","Natural","Yes","No",,74
75,"Proveitos suplementares","Proveitos suplementares","Revenue","Natural","Yes","Yes",,7
751,"Serviços sociais","Serviços sociais","Revenue","Natural","Yes","No",,75
752,"Aluguer de equipamento","Aluguer de equipamento","Revenue","Natural","Yes","No",,75
753,"Venda de energia","Venda de energia","Revenue","Natural","Yes","No",,75
754,"Estudos, projectos e investigações","Estudos, projectos e investigações","Revenue","Natural","Yes","No",,75
755,"Assistência técnica","Assistência técnica","Revenue","Natural","Yes","No",,75
756,"Royalties","Royalties","Revenue","Natural","Yes","No",,75
757,"Cargos sociais exercidos noutras empresas","Cargos sociais exercidos noutras empresas","Revenue","Natural","Yes","No",,75
758,".....",".....","Revenue","Natural","No","No",,75
759,"Outros proveitos suplementares inerentes ao valor acrescentado","Outros proveitos suplementares inerentes ao valor acrescentado","Revenue","Natural","Yes","No",,75
76,"Outros proveitos e ganhos operacionais","Outros proveitos e ganhos operacionais","Revenue","Natural","Yes","Yes",,7
761,"Direitos de propriedade industrial","Direitos de propriedade industrial","Revenue","Natural","Yes","No",,76
769,"Outros proveitos alheios ao valor acrescentado","Outros proveitos alheios ao valor acrescentado","Revenue","Natural","Yes","No",,76
78,"Proveitos e ganhos financeiros","Proveitos e ganhos financeiros","Revenue","Natural","Yes","Yes",,7
781,"Juros obtidos","Juros obtidos","Revenue","Natural","Yes","No",,78
7811,"Depósitos bancários","Depósitos bancários","Revenue","Natural","Yes","No",,781
7812,"Empréstimos","Empréstimos","Revenue","Natural","Yes","No",,781
7813,"Obrigações e títulos de participação","Obrigações e títulos de participação","Revenue","Natural","Yes","No",,781
7814,"Outras aplicações de tesouraria","Outras aplicações de tesouraria","Revenue","Natural","Yes","No",,781
7819,"Outros juros","Outros juros","Revenue","Natural","Yes","No",,781
782,"Rendimentos de imóveis","Rendimentos de imóveis","Revenue","Natural","Yes","No",,78
783,"Rendimentos de participações sociais","Rendimentos de participações sociais","Revenue","Natural","Yes","No",,78
784,"Diferenças de câmbio favoráveis","Diferenças de câmbio favoráveis","Revenue","Natural","Yes","No",,78
785,"Descontos de pronto pagamento obtidos","Descontos de pronto pagamento obtidos","Revenue","Natural","Yes","No",,78
786,"Ganhos na alienação de títulos negociáveis","Ganhos na alienação de títulos negociáveis","Revenue","Natural","Yes","No",,78
789,"Outros proveitos e ganhos financeiros","Outros proveitos e ganhos financeiros","Revenue","Natural","Yes","No",,78
79,"Proveitos e ganhos extraordinários","Proveitos e ganhos extraordinários","Revenue","Natural","Yes","Yes",,7
791,"Ganhos em meios imobilizados","Ganhos em meios imobilizados","Revenue","Natural","Yes","No",,79
7911,"Alienação de imobilizações financeiras","Alienação de imobilizações financeiras","Revenue","Natural","Yes","No",,791
7912,"Alienação de imobilizações corpóreas","Alienação de imobilizações corpóreas","Revenue","Natural","Yes","No",,791
7913,"Alienação de imobilizações incorpóreas","Alienação de imobilizações incorpóreas","Revenue","Natural","Yes","No",,791
7914,"Sinistros","Sinistros","Revenue","Natural","Yes","No",,791
792,"Ganhos em meios circulantes materiais","Ganhos em meios circulantes materiais","Revenue","Natural","Yes","No",,79
7921,"Sinistros","Sinistros","Revenue","Natural","Yes","No",,792
7922,"Sobras","Sobras","Revenue","Natural","Yes","No",,792
7929,"Outros","Outros","Revenue","Natural","Yes","No",,792
793,"Recuperação de créditos","Recuperação de créditos","Revenue","Natural","Yes","No",,79
794,"Restituição de impostos","Restituição de impostos","Revenue","Natural","Yes","No",,79
795,"Benefícios de penalidades contratuais","Benefícios de penalidades contratuais","Revenue","Natural","Yes","No",,79
796,"Redução de amortizações e provisões","Redução de amortizações e provisões","Revenue","Natural","Yes","No",,79
7961,"Amortizações","Amortizações","Revenue","Natural","Yes","No",,796
7962,"Provisões","Provisões","Revenue","Natural","Yes","No",,796
797,"Regularização de IVA a favor do sujeito passivo por cálculo do pro rata definitivo","Regularização de IVA a favor do sujeito passivo por cálculo do pro rata definitivo","Revenue","Natural","Yes","No",,79
798,"Correcções imputáveis a exercícios anteriores","Correcções imputáveis a exercícios anteriores","Revenue","Natural","Yes","No",,79
799,"Outros proveitos e ganhos extraordinários","Outros proveitos e ganhos extraordinários","Revenue","Natural","Yes","No",,79
7991,"Excesso de estimativa para impostos","Excesso de estimativa para impostos","Revenue","Natural","Yes","No",,799
7992,"Subsídios para investimentos","Subsídios para investimentos","Revenue","Natural","Yes","No",,799
8,"Contas de resultados","Contas de resultados","Revenue","Natural","Yes","Yes",,
81,"Resultados operacionais","Resultados operacionais","Revenue","Natural","Yes","Yes",,8
82,"Resultados financeiros","Resultados financeiros","Revenue","Natural","Yes","Yes",,8
83,"Resultados correntes","Resultados correntes","Revenue","Natural","Yes","Yes",,8
84,"Resultados extraordinários","Resultados extraordinários","Revenue","Natural","Yes","Yes",,8
85,"Imposto sobre o rendimento","Imposto sobre o rendimento","Revenue","Natural","Yes","Yes",,8
88,"Resultado líquido do exercício","Resultado líquido do exercício","Revenue","Natural","Yes","Yes",,8
89,"Dividendos antecipados","Dividendos antecipados","Revenue","Natural","Yes","Yes",,8
